Reference,Reference,Reference,Reference,Reference,Reference,Reference,Reference,Reference,Epitope,Epitope,Epitope,Epitope,Epitope,Epitope,Epitope,Epitope,Epitope,Epitope,Epitope,Epitope,Host,Host,Host,In vivo Process,In vivo Process,In vivo Process,In vivo Process,In vivo Process,In vivo Process,In vivo Process,In vivo Process,In vivo Process,In vivo Process,In vivo Process,In vivo Process,In vivo Process,In vivo Process,In vitro Process,In vitro Process,In vitro Process,In vitro Process,In vitro Process,In vitro Process,In vitro Process,In vitro Process,In vitro Process,In vitro Process,In vitro Process,Processed Antigen Comments,Assay,Assay,Assay,Assay,Assay,Assay,Assay,Assay,Assay,Assay,Antigen Processing Cells,Antigen Processing Cells,Antigen Processing Cells,MHC,MHC,MHC,Assay Comments
MHC ligand ID,Reference ID,Type,PubMed ID,Authors,Journal,Date,Title,Submission ID,Epitope ID,Object Type,Description,Starting Position,Ending Position,Non-peptidic epitope ChEBI ID,Antigen Name,Antigen ID,Organism Name,Organism ID,Epitope Comments,Related Object Type,Name,Host ID,Geolocation,Process Type,Disease State,Disease Code,Disease Stage,Processed Antigen Epitope Relation,Processed Antigen Object Type,Processed Antigen Description,Processed Antigen Starting Position,Processed Antigen Ending Position,Non-peptidic Processed Antigen ChEBI ID,Processed Antigen Source Molecule Name,Processed Antigen Source Molecule ID,Processed Antigen Organism Name,Processed Antigen Organism ID,In vitro administration type,Processed Antigen Epitope Relation,Processed Antigen Object Type,Processed Antigen Description,Processed Antigen Starting Position,Processed Antigen Ending Position,Non-peptidic Processed Antigen ChEBI ID,Processed Antigen Source Molecule Name,Processed Antigen Source Molecule ID,Processed Antigen Organism Name,Processed Antigen Organism ID,Processed Antigen Comments,Method/Technique,Assay Group,Units,Assay Type ID,Qualitative Measure,Quantitative measurement,Number of Subjects Tested,Number of Subjects Responded,Response Frequency,3D complex ID,Cell Tissue Type,Cell Type,Cell Culture Conditions,Allele Name,MHC Allele ID,MHC allele class,Assay Comments
"21885","1401","Literature","9886403","E J Collins; B L Booth Jr; V Cerundolo","J Immunol","1999","Extensive alanine substitutions increase binding affinity of an influenza nucleoprotein peptide to HLA-Aw68 and do not abrogate peptide-specific CTL recognition.","","33682","Linear peptide","KTGGPIYKR","91","99","","Nucleoprotein","P18072.1","Influenza A virus (A/Texas/1/1977(H3N2))","444318","Alanine substitutions were performed to determine key residues.  Substitution of the anchor position T2 did not generate significant changes in stability of the MHC complex.  Substitution of the R9 anchor generated a significant reduction on the stability of the complex.","","","","","","","","","","","","","","","","","","","","","","","","","","","","","","","purified MHC/direct/fluorescence","50% dissociation temperature","&deg;C","261","Positive","67","","","","","","","","HLA-A68","249","I","The temperature at which 50% of the protein was denatured was determined."
"21957","1401","Literature","9886403","E J Collins; B L Booth Jr; V Cerundolo","J Immunol","1999","Extensive alanine substitutions increase binding affinity of an influenza nucleoprotein peptide to HLA-Aw68 and do not abrogate peptide-specific CTL recognition.","","33681","Linear peptide","KTGGPAIYKR","","","","","","","","This epitope is a variant of the naturally occurring influenza nucleoprotein epitope at positions 91-99, with an alanine residue inserted between the P and I residues.","analog","","","","","","","","","","","","","","","","","","","","","","","","","","","","","","purified MHC/direct/fluorescence","50% dissociation temperature","&deg;C","261","Positive","55.9","","","","","","","","HLA-A68","249","I","The temperature at which 50% of the protein was denatured was determined."
"22093","1401","Literature","9886403","E J Collins; B L Booth Jr; V Cerundolo","J Immunol","1999","Extensive alanine substitutions increase binding affinity of an influenza nucleoprotein peptide to HLA-Aw68 and do not abrogate peptide-specific CTL recognition.","","33680","Linear peptide","KTGGPAAAIYKR","","","","","","","","This epitope is a variant of the naturally occurring influenza nucleoprotein epitope at positions 91-99, with alanine residues inserted between the P and I residues.","analog","","","","","","","","","","","","","","","","","","","","","","","","","","","","","","purified MHC/direct/fluorescence","50% dissociation temperature","&deg;C","261","Positive","50.5","","","","","","","","HLA-A68","249","I","The temperature at which 50% of the protein was denatured was determined."
"22095","1401","Literature","9886403","E J Collins; B L Booth Jr; V Cerundolo","J Immunol","1999","Extensive alanine substitutions increase binding affinity of an influenza nucleoprotein peptide to HLA-Aw68 and do not abrogate peptide-specific CTL recognition.","","33679","Linear peptide","KTGGPAAAAAIYKR","","","","","","","","This epitope is a variant of the naturally occurring influenza nucleoprotein epitope at positions 91-99, with alanine residues inserted between the P and I residues.","analog","","","","","","","","","","","","","","","","","","","","","","","","","","","","","","purified MHC/direct/fluorescence","50% dissociation temperature","&deg;C","261","Positive","49.2","","","","","","","","HLA-A68","249","I","The temperature at which 50% of the protein was denatured was determined."
"22096","1401","Literature","9886403","E J Collins; B L Booth Jr; V Cerundolo","J Immunol","1999","Extensive alanine substitutions increase binding affinity of an influenza nucleoprotein peptide to HLA-Aw68 and do not abrogate peptide-specific CTL recognition.","","33678","Linear peptide","KTGGPAAAAAAAIYKR","","","","","","","","This epitope is a variant of the naturally occurring influenza nucleoprotein epitope at positions 91-99, with alanine residues inserted between the P and I residues.","analog","","","","","","","","","","","","","","","","","","","","","","","","","","","","","","purified MHC/direct/fluorescence","50% dissociation temperature","&deg;C","261","Positive","48","","","","","","","","HLA-A68","249","I","The temperature at which 50% of the protein was denatured was determined."
"22097","1401","Literature","9886403","E J Collins; B L Booth Jr; V Cerundolo","J Immunol","1999","Extensive alanine substitutions increase binding affinity of an influenza nucleoprotein peptide to HLA-Aw68 and do not abrogate peptide-specific CTL recognition.","","66995","Linear peptide","TVFDAKRLIGR","66","76","","Heat shock cognate 71 kDa protein","P11142.1","Homo sapiens","9606","","","","","","","","","","","","","","","","","","","","","","","","","","","","","","","","purified MHC/direct/fluorescence","50% dissociation temperature","&deg;C","261","Positive","70","","","","","","","","HLA-A68","249","I","The temperature at which 50% of the protein was denatured was determined."
"22099","1401","Literature","9886403","E J Collins; B L Booth Jr; V Cerundolo","J Immunol","1999","Extensive alanine substitutions increase binding affinity of an influenza nucleoprotein peptide to HLA-Aw68 and do not abrogate peptide-specific CTL recognition.","","66995","Linear peptide","TVFDAKRLIGR","66","76","","Heat shock cognate 71 kDa protein","P11142.1","Homo sapiens","9606","","","Homo sapiens","9606","","Exposure without evidence for disease","","","","Source Antigen","Protein","Heat shock cognate 71 kDa protein","","","","","P11142.1","Homo sapiens","9606","","","","","","","","","","","","","secreted MHC/mass spectrometry","ligand presentation","","93","Positive","","","","","","Lymphoid","B cell","Cell Line / Clone (EBV transformed, B-LCL)","HLA-A68","249","I",""
"22100","1401","Literature","9886403","E J Collins; B L Booth Jr; V Cerundolo","J Immunol","1999","Extensive alanine substitutions increase binding affinity of an influenza nucleoprotein peptide to HLA-Aw68 and do not abrogate peptide-specific CTL recognition.","","14628","Linear peptide","EVAPPEYHRK","351","360","","Mortality factor 4-like protein 1","Q9UBU8.2","Homo sapiens","9606","","","","","","","","","","","","","","","","","","","","","","","","","","","","","","","","purified MHC/direct/fluorescence","50% dissociation temperature","&deg;C","261","Positive","71.2","","","","","","","","HLA-A68","249","I","The temperature at which 50% of the protein was denatured was determined."
"22101","1401","Literature","9886403","E J Collins; B L Booth Jr; V Cerundolo","J Immunol","1999","Extensive alanine substitutions increase binding affinity of an influenza nucleoprotein peptide to HLA-Aw68 and do not abrogate peptide-specific CTL recognition.","","14628","Linear peptide","EVAPPEYHRK","351","360","","Mortality factor 4-like protein 1","Q9UBU8.2","Homo sapiens","9606","","","Homo sapiens","9606","","Exposure without evidence for disease","","","","Source Antigen","Protein","Mortality factor 4-like protein 1","","","","","Q9UBU8.2","Homo sapiens","9606","","","","","","","","","","","","","secreted MHC/mass spectrometry","ligand presentation","","93","Positive","","","","","","Lymphoid","B cell","Cell Line / Clone (EBV transformed, B-LCL)","HLA-A68","249","I",""
"1005114","1000087","Literature","2017257","M L Silver; K C Parker; D C Wiley","Nature","1991","Reconstitution by MHC-restricted peptides of HLA-A2 heavy chain with beta 2-microglobulin, in vitro.","","31880","Linear peptide","KLGEFYNQMM","85","94","","Nucleoprotein","P04665.1","Influenza B virus (B/Lee/1940)","518987","","","","","","","","","","","","","","","","","","","","","","","","","","","","","","","","purified MHC/direct/phage display","qualitative binding","","201","Negative","","","","","","","","","HLA-A68","249","I","The assay is gel filtration of reconstituted HLA-complex; absorbance of eluted fractions was measured."
"1005123","1000087","Literature","2017257","M L Silver; K C Parker; D C Wiley","Nature","1991","Reconstitution by MHC-restricted peptides of HLA-A2 heavy chain with beta 2-microglobulin, in vitro.","","20356","Linear peptide","GILGFVFTLTV","58","68","","Matrix protein 1","P03485.1","Influenza A virus","11320","","","","","","","","","","","","","","","","","","","","","","","","","","","","","","","","purified MHC/direct/phage display","qualitative binding","","201","Negative","","","","","","","","","HLA-A68","249","I","The assay is gel filtration of reconstituted HLA-complex; absorbance of eluted fractions was measured."
"1005815","315410","Literature","1448154","M L Silver; H C Guo; J L Strominger; D C Wiley","Nature","1992","Atomic structure of a human MHC molecule presenting an influenza virus peptide.","","33682","Linear peptide","KTGGPIYKR","91","99","","Nucleoprotein","P18072.1","Influenza A virus (A/Texas/1/1977(H3N2))","444318","","","","","","","","","","","","","","","","","","","","","","","","","","","","","","","","x-ray crystallography","3D structure","angstroms","175","Positive","","","","","","","","","HLA-A68","249","I","The complex between HLA-Aw68 and the peptide revealed that peptide residues P1, P2, P3, and P9 are substantially buried in the antigen-binding cleft, while the central peptide residues from P4 to P8 are exposed and could be recognized by T-cell receptors."
"1355759","315068","Literature","7679709","G Missale; A Redeker; J Person; P Fowler; S Guilhot; H J Schlicht; C Ferrari; F V Chisari","J Exp Med","1993","HLA-A31- and HLA-Aw68-restricted cytotoxic T cell responses to a single hepatitis B virus nucleocapsid epitope during acute viral hepatitis.","","61526","Linear peptide","STAPETTVVRR","","","","","","","","Analog of natural epitope with alanine substitution at residue L143.","","","","","","","","","","","","","","","","","","","","","","","","","","","","","","","cellular MHC/T cell inhibition","qualitative binding","","226","Negative","","","","","","","","","HLA-A68","249","I","Peptide containing an alanine substitution at residue L143 did not compete with the natural epitope, HBcAg141-151, for binding to HLA-Aw68, suggesting that L143 is likely involved in the interaction of HBcAg141-151 with HLA-Aw68."
"1355777","315068","Literature","7679709","G Missale; A Redeker; J Person; P Fowler; S Guilhot; H J Schlicht; C Ferrari; F V Chisari","J Exp Med","1993","HLA-A31- and HLA-Aw68-restricted cytotoxic T cell responses to a single hepatitis B virus nucleocapsid epitope during acute viral hepatitis.","","61737","Linear peptide","STLPEATVVRR","","","","","","","","Analog of natural epitope with alanine substitution at residue T146.","","","","","","","","","","","","","","","","","","","","","","","","","","","","","","","cellular MHC/T cell inhibition","qualitative binding","","226","Positive","","","","","","","","","HLA-A68","249","I","Peptide containing an alanine substitution at residue T146 did compete with the natural epitope, HBcAg141-151, for binding to HLA-Aw68, suggesting that T146 is not likely involved in the interaction of HBcAg141-151 with HLA-Aw68."
"1355782","315068","Literature","7679709","G Missale; A Redeker; J Person; P Fowler; S Guilhot; H J Schlicht; C Ferrari; F V Chisari","J Exp Med","1993","HLA-A31- and HLA-Aw68-restricted cytotoxic T cell responses to a single hepatitis B virus nucleocapsid epitope during acute viral hepatitis.","","61739","Linear peptide","STLPETAVVRR","","","","","","","","Analog of natural epitope with alanine substitution at residue T147.","","","","","","","","","","","","","","","","","","","","","","","","","","","","","","","cellular MHC/T cell inhibition","qualitative binding","","226","Positive","","","","","","","","","HLA-A68","249","I","Peptide containing an alanine substitution at residue T147 did compete with the natural epitope, HBcAg141-151, for binding to HLA-Aw68, suggesting that T147 is not likely involved in the interaction of HBcAg141-151 with HLA-Aw68."
"1355787","315068","Literature","7679709","G Missale; A Redeker; J Person; P Fowler; S Guilhot; H J Schlicht; C Ferrari; F V Chisari","J Exp Med","1993","HLA-A31- and HLA-Aw68-restricted cytotoxic T cell responses to a single hepatitis B virus nucleocapsid epitope during acute viral hepatitis.","","61744","Linear peptide","STLPETTVVRA","","","","","","","","Analog of natural epitope with alanine substitution at residue R151.","","","","","","","","","","","","","","","","","","","","","","","","","","","","","","","cellular MHC/T cell inhibition","qualitative binding","","226","Negative","","","","","","","","","HLA-A68","249","I","Peptide containing an alanine substitution at residue R151 did not compete with the natural epitope, HBcAg141-151, for binding to HLA-Aw68, suggesting that R151 is likely involved in the interaction of HBcAg141-151 with HLA-Aw68."
"1595545","1013620","Literature","7862664","E J Collins; D N Garboczi; M N Karpusas; D C Wiley","Proc Natl Acad Sci U S A","1995","The three-dimensional structure of a class I major histocompatibility complex molecule missing the alpha 3 domain of the heavy chain.","","14628","Linear peptide","EVAPPEYHRK","312","321","","MRG15 protein","AAD29872.1","Homo sapiens","9606","","","","","","","","","","","","","","","","","","","","","","","","","","","","","","","","x-ray crystallography","3D structure","angstroms","175","Positive","2.3","","","","1TMC","","","","HLA-A68","249","I","The MHC molecule used had its alpha3 domain proteolytically removed. Unambiguous electron density was observed for the peptide except for the side chains of P7 and P9, which extend into solvent and may be disordered. Also, P9 contacts the beta2-m domain of another molecule in the crystal."
"1983275","315009","Literature","1448153","H C Guo; T S Jardetzky; T P Garrett; W S Lane; J L Strominger; D C Wiley","Nature","1992","Different length peptides bind to HLA-Aw68 similarly at their ends but bulge out in the middle.","","188063","Linear peptide","AVA","","","","unknown protein eluted from human MHC allele","SRC248339","unidentified","32644","The epitope is from a collection of bound, endogenous peptides.The epitope sequence comes from models of residues E-V-A and A-R that were built for peptide positions P1, P2, P3 at the N-terminus and PC-1, PC carboxy terminal, respectively.","","","","","","","","","","","","","","","","","","","","","","","","","","","","","","","x-ray crystallography","3D structure","angstroms","175","Positive","1.9","","","","1HSB","","","","HLA-A68","249","I","The structure represents the average image from the collection of bound peptides of 9, 10, and 11 amino acids eluted from HLA-Aw68. There is clear electron density for the first three and last two residues of the peptides, but not for any of the in between residues. The middle part of the peptide density is sparse and unconnected, presumable representing an average of diverse conformations and/or length. Models of residues E-V-A and A-R were built for peptide positions P1, P2, P3 and PC-1, PC, respectively."
"1983276","315009","Literature","1448153","H C Guo; T S Jardetzky; T P Garrett; W S Lane; J L Strominger; D C Wiley","Nature","1992","Different length peptides bind to HLA-Aw68 similarly at their ends but bulge out in the middle.","","142416","Linear peptide","EVAPPEYHR","351","359","","Mortality factor 4-like protein 1","Q9UBU8.2","Homo sapiens","9606","","","Homo sapiens","9606","","No immunization","","","","","","","","","","","","","","","","","","","","","","","","","","secreted MHC/mass spectrometry","ligand presentation","","93","Positive","","","","","","Blood","B cell","Cell Line / Clone (EBV transformed, B-LCL)","HLA-A68","249","I","Endogenous peptides bound to HLA-Aw68 were isolated, HPLC-purified and sequenced."
"1983277","315009","Literature","1448153","H C Guo; T S Jardetzky; T P Garrett; W S Lane; J L Strominger; D C Wiley","Nature","1992","Different length peptides bind to HLA-Aw68 similarly at their ends but bulge out in the middle.","","188064","Linear peptide","AVAAVAARR","3","11","","neutral alpha-glucosidase AB isoform 2 precursor","NP_938148.1","Homo sapiens","9606","","","Homo sapiens","9606","","No immunization","","","","","","","","","","","","","","","","","","","","","","","","","","secreted MHC/mass spectrometry","ligand presentation","","93","Positive","","","","","","Blood","B cell","Cell Line / Clone (EBV transformed, B-LCL)","HLA-A68","249","I","Endogenous peptides bound to HLA-Aw68 were isolated, HPLC-purified and sequenced."
"1983278","315009","Literature","1448153","H C Guo; T S Jardetzky; T P Garrett; W S Lane; J L Strominger; D C Wiley","Nature","1992","Different length peptides bind to HLA-Aw68 similarly at their ends but bulge out in the middle.","","188115","Linear peptide","DVFRDPALK","99","107","","60S ribosomal protein L27","P61353.2","Homo sapiens","9606","","","Homo sapiens","9606","","No immunization","","","","","","","","","","","","","","","","","","","","","","","","","","secreted MHC/mass spectrometry","ligand presentation","","93","Positive","","","","","","Blood","B cell","Cell Line / Clone (EBV transformed, B-LCL)","HLA-A68","249","I","Endogenous peptides bound to HLA-Aw68 were isolated, HPLC-purified and sequenced."
"1983279","315009","Literature","1448153","H C Guo; T S Jardetzky; T P Garrett; W S Lane; J L Strominger; D C Wiley","Nature","1992","Different length peptides bind to HLA-Aw68 similarly at their ends but bulge out in the middle.","","14628","Linear peptide","EVAPPEYHRK","351","360","","Mortality factor 4-like protein 1","Q9UBU8.2","Homo sapiens","9606","","","Homo sapiens","9606","","No immunization","","","","","","","","","","","","","","","","","","","","","","","","","","secreted MHC/mass spectrometry","ligand presentation","","93","Positive","","","","","","Blood","B cell","Cell Line / Clone (EBV transformed, B-LCL)","HLA-A68","249","I","Endogenous peptides bound to HLA-Aw68 were isolated, HPLC-purified and sequenced."
"1983280","315009","Literature","1448153","H C Guo; T S Jardetzky; T P Garrett; W S Lane; J L Strominger; D C Wiley","Nature","1992","Different length peptides bind to HLA-Aw68 similarly at their ends but bulge out in the middle.","","188153","Linear peptide","EVILIDPFHK","131","140","","60S ribosomal protein L15","P61313.2","Homo sapiens","9606","","","Homo sapiens","9606","","No immunization","","","","","","","","","","","","","","","","","","","","","","","","","","secreted MHC/mass spectrometry","ligand presentation","","93","Positive","","","","","","Blood","B cell","Cell Line / Clone (EBV transformed, B-LCL)","HLA-A68","249","I","Endogenous peptides bound to HLA-Aw68 were isolated, HPLC-purified and sequenced."
"1983281","315009","Literature","1448153","H C Guo; T S Jardetzky; T P Garrett; W S Lane; J L Strominger; D C Wiley","Nature","1992","Different length peptides bind to HLA-Aw68 similarly at their ends but bulge out in the middle.","","66995","Linear peptide","TVFDAKRLIGR","68","78","","heat shock 70kDa protein 6 (HSP70B') variant","BAD97082.1","Homo sapiens","9606","","","Homo sapiens","9606","","No immunization","","","","","","","","","","","","","","","","","","","","","","","","","","secreted MHC/mass spectrometry","ligand presentation","","93","Positive","","","","","","Blood","B cell","Cell Line / Clone (EBV transformed, B-LCL)","HLA-A68","249","I","Endogenous peptides bound to HLA-Aw68 were isolated, HPLC-purified and sequenced."
"1983282","315009","Literature","1448153","H C Guo; T S Jardetzky; T P Garrett; W S Lane; J L Strominger; D C Wiley","Nature","1992","Different length peptides bind to HLA-Aw68 similarly at their ends but bulge out in the middle.","","33682","Linear peptide","KTGGPIYKR","91","99","","Nucleoprotein","Q07531.1","Influenza A virus","11320","","","Homo sapiens","9606","","Environmental exposure to endemic/ubiquitous agent without evidence for disease","","","","Source Organism","Organism","Influenza A virus","","","","","","Influenza A virus","11320","","","","","","","","","","","","","secreted MHC/mass spectrometry","ligand presentation","","93","Positive","","","","","","Blood","B cell","Cell Line / Clone (EBV transformed, B-LCL)","HLA-A68","249","I","Endogenous peptides bound to HLA-Aw68 were isolated, HPLC-purified and sequenced."
"2376392","1028510","Literature","25548167","Daniel J Kowalewski; Heiko Schuster; Linus Backert; Claudia Berlin; Stefan Kahn; Lothar Kanz; Helmut R Salih; Hans-Georg Rammensee; Stefan Stevanovic; Juliane Sarah Stickel","Proc Natl Acad Sci U S A","2015","HLA ligandome analysis identifies the underlying specificities of spontaneous antileukemia immune responses in chronic lymphocytic leukemia (CLL).","","236684","Linear peptide","AAVPVIISR","20","28","","Dr1-associated corepressor","AAB02192.1","Homo sapiens","9606","","","Homo sapiens","9606","","No immunization","healthy","DTREE_00000014","","","","","","","","","","","","","","","","","","","","","","","PBMCs were obtained from healthy donors.","cellular MHC/mass spectrometry","ligand presentation","","91","Positive","","","","","","Blood","B cell","Direct Ex Vivo","HLA-A68","249","I","Natural ligands of HLA molecules were eluted from the B cells of healthy volunteers (HV)."
"2376519","1028510","Literature","25548167","Daniel J Kowalewski; Heiko Schuster; Linus Backert; Claudia Berlin; Stefan Kahn; Lothar Kanz; Helmut R Salih; Hans-Georg Rammensee; Stefan Stevanovic; Juliane Sarah Stickel","Proc Natl Acad Sci U S A","2015","HLA ligandome analysis identifies the underlying specificities of spontaneous antileukemia immune responses in chronic lymphocytic leukemia (CLL).","","236807","Linear peptide","DIADFFTTR","284","292","","protein FAM65C isoform 1","NP_543019.2","Homo sapiens","9606","","","Homo sapiens","9606","","No immunization","healthy","DTREE_00000014","","","","","","","","","","","","","","","","","","","","","","","PBMCs were obtained from healthy donors.","cellular MHC/mass spectrometry","ligand presentation","","91","Positive","","","","","","Blood","B cell","Direct Ex Vivo","HLA-A68","249","I","Natural ligands of HLA molecules were eluted from the B cells of healthy volunteers (HV)."
"2376530","1028510","Literature","25548167","Daniel J Kowalewski; Heiko Schuster; Linus Backert; Claudia Berlin; Stefan Kahn; Lothar Kanz; Helmut R Salih; Hans-Georg Rammensee; Stefan Stevanovic; Juliane Sarah Stickel","Proc Natl Acad Sci U S A","2015","HLA ligandome analysis identifies the underlying specificities of spontaneous antileukemia immune responses in chronic lymphocytic leukemia (CLL).","","236818","Linear peptide","DLYSGLNQR","197","205","","CD3e molecule, epsilon (CD3-TCR complex)","BAJ16130.1","Homo sapiens","9606","","","Homo sapiens","9606","","No immunization","healthy","DTREE_00000014","","","","","","","","","","","","","","","","","","","","","","","PBMCs were obtained from healthy donors.","cellular MHC/mass spectrometry","ligand presentation","","91","Positive","","","","","","Blood","B cell","Direct Ex Vivo","HLA-A68","249","I","Natural ligands of HLA molecules were eluted from the B cells of healthy volunteers (HV)."
"2376544","1028510","Literature","25548167","Daniel J Kowalewski; Heiko Schuster; Linus Backert; Claudia Berlin; Stefan Kahn; Lothar Kanz; Helmut R Salih; Hans-Georg Rammensee; Stefan Stevanovic; Juliane Sarah Stickel","Proc Natl Acad Sci U S A","2015","HLA ligandome analysis identifies the underlying specificities of spontaneous antileukemia immune responses in chronic lymphocytic leukemia (CLL).","","236832","Linear peptide","DSAGPQDAR","165","173","","T-cell activation Rho GTPase-activating protein isoform a","NP_687034.1","Homo sapiens","9606","","","Homo sapiens","9606","","Occurrence of cancer","lymphoid leukemia","DOID:10747","Chronic","","","","","","","","","","","","","","","","","","","","","","PBMCs were obtained from patients with chronic lymphocytic leukemia (CLL).","cellular MHC/mass spectrometry","ligand presentation","","91","Positive","","","","","","Blood","B cell","Direct Ex Vivo","HLA-A68","249","I","Natural ligands of HLA molecules were eluted from the B cells of chronic lymphocytic leukemia patients (CLL)."
"2376546","1028510","Literature","25548167","Daniel J Kowalewski; Heiko Schuster; Linus Backert; Claudia Berlin; Stefan Kahn; Lothar Kanz; Helmut R Salih; Hans-Georg Rammensee; Stefan Stevanovic; Juliane Sarah Stickel","Proc Natl Acad Sci U S A","2015","HLA ligandome analysis identifies the underlying specificities of spontaneous antileukemia immune responses in chronic lymphocytic leukemia (CLL).","","236834","Linear peptide","DSIGSTVSSER","134","144","","max dimerization protein 1 isoform 3","NP_001189443.1","Homo sapiens","9606","","","Homo sapiens","9606","","No immunization","healthy","DTREE_00000014","","","","","","","","","","","","","","","","","","","","","","","PBMCs were obtained from healthy donors.","cellular MHC/mass spectrometry","ligand presentation","","91","Positive","","","","","","Blood","B cell","Direct Ex Vivo","HLA-A68","249","I","Natural ligands of HLA molecules were eluted from the B cells of healthy volunteers (HV)."
"2376553","1028510","Literature","25548167","Daniel J Kowalewski; Heiko Schuster; Linus Backert; Claudia Berlin; Stefan Kahn; Lothar Kanz; Helmut R Salih; Hans-Georg Rammensee; Stefan Stevanovic; Juliane Sarah Stickel","Proc Natl Acad Sci U S A","2015","HLA ligandome analysis identifies the underlying specificities of spontaneous antileukemia immune responses in chronic lymphocytic leukemia (CLL).","","236840","Linear peptide","DTPFLTGHGR","13","22","","Bcl10-interacting CARD protein","Q96LW7.1","Homo sapiens","9606","","","Homo sapiens","9606","","No immunization","healthy","DTREE_00000014","","","","","","","","","","","","","","","","","","","","","","","PBMCs were obtained from healthy donors.","cellular MHC/mass spectrometry","ligand presentation","","91","Positive","","","","","","Blood","B cell","Direct Ex Vivo","HLA-A68","249","I","Natural ligands of HLA molecules were eluted from the B cells of healthy volunteers (HV)."
"2376558","1028510","Literature","25548167","Daniel J Kowalewski; Heiko Schuster; Linus Backert; Claudia Berlin; Stefan Kahn; Lothar Kanz; Helmut R Salih; Hans-Georg Rammensee; Stefan Stevanovic; Juliane Sarah Stickel","Proc Natl Acad Sci U S A","2015","HLA ligandome analysis identifies the underlying specificities of spontaneous antileukemia immune responses in chronic lymphocytic leukemia (CLL).","","236845","Linear peptide","DVNIKSTER","245","253","","synaptosomal-associated protein 29","NP_004773.1","Homo sapiens","9606","","","Homo sapiens","9606","","No immunization","healthy","DTREE_00000014","","","","","","","","","","","","","","","","","","","","","","","PBMCs were obtained from healthy donors.","cellular MHC/mass spectrometry","ligand presentation","","91","Positive","","","","","","Blood","B cell","Direct Ex Vivo","HLA-A68","249","I","Natural ligands of HLA molecules were eluted from the B cells of healthy volunteers (HV)."
"2376560","1028510","Literature","25548167","Daniel J Kowalewski; Heiko Schuster; Linus Backert; Claudia Berlin; Stefan Kahn; Lothar Kanz; Helmut R Salih; Hans-Georg Rammensee; Stefan Stevanovic; Juliane Sarah Stickel","Proc Natl Acad Sci U S A","2015","HLA ligandome analysis identifies the underlying specificities of spontaneous antileukemia immune responses in chronic lymphocytic leukemia (CLL).","","236847","Linear peptide","EAFEFVKQR","283","291","","dual specificity protein phosphatase 1","NP_004408.1","Homo sapiens","9606","","","Homo sapiens","9606","","No immunization","healthy","DTREE_00000014","","","","","","","","","","","","","","","","","","","","","","","PBMCs were obtained from healthy donors.","cellular MHC/mass spectrometry","ligand presentation","","91","Positive","","","","","","Blood","B cell","Direct Ex Vivo","HLA-A68","249","I","Natural ligands of HLA molecules were eluted from the B cells of healthy volunteers (HV)."
"2376561","1028510","Literature","25548167","Daniel J Kowalewski; Heiko Schuster; Linus Backert; Claudia Berlin; Stefan Kahn; Lothar Kanz; Helmut R Salih; Hans-Georg Rammensee; Stefan Stevanovic; Juliane Sarah Stickel","Proc Natl Acad Sci U S A","2015","HLA ligandome analysis identifies the underlying specificities of spontaneous antileukemia immune responses in chronic lymphocytic leukemia (CLL).","","236848","Linear peptide","EASEPVALR","45","53","","arrestin domain-containing protein 4","NP_899232.2","Homo sapiens","9606","","","Homo sapiens","9606","","No immunization","healthy","DTREE_00000014","","","","","","","","","","","","","","","","","","","","","","","PBMCs were obtained from healthy donors.","cellular MHC/mass spectrometry","ligand presentation","","91","Positive","","","","","","Blood","B cell","Direct Ex Vivo","HLA-A68","249","I","Natural ligands of HLA molecules were eluted from the B cells of healthy volunteers (HV)."
"2376584","1028510","Literature","25548167","Daniel J Kowalewski; Heiko Schuster; Linus Backert; Claudia Berlin; Stefan Kahn; Lothar Kanz; Helmut R Salih; Hans-Georg Rammensee; Stefan Stevanovic; Juliane Sarah Stickel","Proc Natl Acad Sci U S A","2015","HLA ligandome analysis identifies the underlying specificities of spontaneous antileukemia immune responses in chronic lymphocytic leukemia (CLL).","","236868","Linear peptide","EIFQNEVAR","277","285","","endoplasmic reticulum resident protein 44 precursor","NP_055866.1","Homo sapiens","9606","","","Homo sapiens","9606","","Occurrence of cancer","lymphoid leukemia","DOID:10747","Chronic","","","","","","","","","","","","","","","","","","","","","","PBMCs were obtained from patients with chronic lymphocytic leukemia (CLL).","cellular MHC/mass spectrometry","ligand presentation","","91","Positive","","","","","","Blood","B cell","Direct Ex Vivo","HLA-A68","249","I","Natural ligands of HLA molecules were eluted from the B cells of chronic lymphocytic leukemia patients (CLL)."
"2376596","1028510","Literature","25548167","Daniel J Kowalewski; Heiko Schuster; Linus Backert; Claudia Berlin; Stefan Kahn; Lothar Kanz; Helmut R Salih; Hans-Georg Rammensee; Stefan Stevanovic; Juliane Sarah Stickel","Proc Natl Acad Sci U S A","2015","HLA ligandome analysis identifies the underlying specificities of spontaneous antileukemia immune responses in chronic lymphocytic leukemia (CLL).","","236881","Linear peptide","ENAPTTVSR","441","449","","endoplasmic reticulum to nucleus signalling 1 isoform 1 variant","BAD93106.1","Homo sapiens","9606","","","Homo sapiens","9606","","No immunization","healthy","DTREE_00000014","","","","","","","","","","","","","","","","","","","","","","","PBMCs were obtained from healthy donors.","cellular MHC/mass spectrometry","ligand presentation","","91","Positive","","","","","","Blood","B cell","Direct Ex Vivo","HLA-A68","249","I","Natural ligands of HLA molecules were eluted from the B cells of healthy volunteers (HV)."
"2376608","1028510","Literature","25548167","Daniel J Kowalewski; Heiko Schuster; Linus Backert; Claudia Berlin; Stefan Kahn; Lothar Kanz; Helmut R Salih; Hans-Georg Rammensee; Stefan Stevanovic; Juliane Sarah Stickel","Proc Natl Acad Sci U S A","2015","HLA ligandome analysis identifies the underlying specificities of spontaneous antileukemia immune responses in chronic lymphocytic leukemia (CLL).","","236893","Linear peptide","ESVGGSPQTK","151","160","","dematin","AAA58438.1","Homo sapiens","9606","","","Homo sapiens","9606","","No immunization","healthy","DTREE_00000014","","","","","","","","","","","","","","","","","","","","","","","PBMCs were obtained from healthy donors.","cellular MHC/mass spectrometry","ligand presentation","","91","Positive","","","","","","Blood","B cell","Direct Ex Vivo","HLA-A68","249","I","Natural ligands of HLA molecules were eluted from the B cells of healthy volunteers (HV)."
"2376610","1028510","Literature","25548167","Daniel J Kowalewski; Heiko Schuster; Linus Backert; Claudia Berlin; Stefan Kahn; Lothar Kanz; Helmut R Salih; Hans-Georg Rammensee; Stefan Stevanovic; Juliane Sarah Stickel","Proc Natl Acad Sci U S A","2015","HLA ligandome analysis identifies the underlying specificities of spontaneous antileukemia immune responses in chronic lymphocytic leukemia (CLL).","","236895","Linear peptide","ETAPGVHKR","67","75","","SH2 domain containing 1A","AFX84035.1","Homo sapiens","9606","","","Homo sapiens","9606","","No immunization","healthy","DTREE_00000014","","","","","","","","","","","","","","","","","","","","","","","PBMCs were obtained from healthy donors.","cellular MHC/mass spectrometry","ligand presentation","","91","Positive","","","","","","Blood","B cell","Direct Ex Vivo","HLA-A68","249","I","Natural ligands of HLA molecules were eluted from the B cells of healthy volunteers (HV)."
"2376616","1028510","Literature","25548167","Daniel J Kowalewski; Heiko Schuster; Linus Backert; Claudia Berlin; Stefan Kahn; Lothar Kanz; Helmut R Salih; Hans-Georg Rammensee; Stefan Stevanovic; Juliane Sarah Stickel","Proc Natl Acad Sci U S A","2015","HLA ligandome analysis identifies the underlying specificities of spontaneous antileukemia immune responses in chronic lymphocytic leukemia (CLL).","","236901","Linear peptide","EVIKITGLK","12","20","","protein THEMIS isoform 3","NP_001158159.1","Homo sapiens","9606","","","Homo sapiens","9606","","No immunization","healthy","DTREE_00000014","","","","","","","","","","","","","","","","","","","","","","","PBMCs were obtained from healthy donors.","cellular MHC/mass spectrometry","ligand presentation","","91","Positive","","","","","","Blood","B cell","Direct Ex Vivo","HLA-A68","249","I","Natural ligands of HLA molecules were eluted from the B cells of healthy volunteers (HV)."
"2376623","1028510","Literature","25548167","Daniel J Kowalewski; Heiko Schuster; Linus Backert; Claudia Berlin; Stefan Kahn; Lothar Kanz; Helmut R Salih; Hans-Georg Rammensee; Stefan Stevanovic; Juliane Sarah Stickel","Proc Natl Acad Sci U S A","2015","HLA ligandome analysis identifies the underlying specificities of spontaneous antileukemia immune responses in chronic lymphocytic leukemia (CLL).","","236908","Linear peptide","EVWNNLGTTK","312","321","","solute carrier family 35, member B4 variant","BAD96594.1","Homo sapiens","9606","","","Homo sapiens","9606","","No immunization","healthy","DTREE_00000014","","","","","","","","","","","","","","","","","","","","","","","PBMCs were obtained from healthy donors.","cellular MHC/mass spectrometry","ligand presentation","","91","Positive","","","","","","Blood","B cell","Direct Ex Vivo","HLA-A68","249","I","Natural ligands of HLA molecules were eluted from the B cells of healthy volunteers (HV)."
"2376715","1028510","Literature","25548167","Daniel J Kowalewski; Heiko Schuster; Linus Backert; Claudia Berlin; Stefan Kahn; Lothar Kanz; Helmut R Salih; Hans-Georg Rammensee; Stefan Stevanovic; Juliane Sarah Stickel","Proc Natl Acad Sci U S A","2015","HLA ligandome analysis identifies the underlying specificities of spontaneous antileukemia immune responses in chronic lymphocytic leukemia (CLL).","","236990","Linear peptide","GVAPFTIAR","756","764","","COL6A3 protein","AAI44596.1","Homo sapiens","9606","","","Homo sapiens","9606","","No immunization","healthy","DTREE_00000014","","","","","","","","","","","","","","","","","","","","","","","PBMCs were obtained from healthy donors.","cellular MHC/mass spectrometry","ligand presentation","","91","Positive","","","","","","Blood","B cell","Direct Ex Vivo","HLA-A68","249","I","Natural ligands of HLA molecules were eluted from the B cells of healthy volunteers (HV)."
"2376998","1028510","Literature","25548167","Daniel J Kowalewski; Heiko Schuster; Linus Backert; Claudia Berlin; Stefan Kahn; Lothar Kanz; Helmut R Salih; Hans-Georg Rammensee; Stefan Stevanovic; Juliane Sarah Stickel","Proc Natl Acad Sci U S A","2015","HLA ligandome analysis identifies the underlying specificities of spontaneous antileukemia immune responses in chronic lymphocytic leukemia (CLL).","","237257","Linear peptide","PVAGFFINR","96","104","","major facilitator superfamily domain-containing protein 2B","NP_001073942.1","Homo sapiens","9606","","","Homo sapiens","9606","","No immunization","healthy","DTREE_00000014","","","","","","","","","","","","","","","","","","","","","","","PBMCs were obtained from healthy donors.","cellular MHC/mass spectrometry","ligand presentation","","91","Positive","","","","","","Blood","B cell","Direct Ex Vivo","HLA-A68","249","I","Natural ligands of HLA molecules were eluted from the B cells of healthy volunteers (HV)."
"2377171","1028510","Literature","25548167","Daniel J Kowalewski; Heiko Schuster; Linus Backert; Claudia Berlin; Stefan Kahn; Lothar Kanz; Helmut R Salih; Hans-Georg Rammensee; Stefan Stevanovic; Juliane Sarah Stickel","Proc Natl Acad Sci U S A","2015","HLA ligandome analysis identifies the underlying specificities of spontaneous antileukemia immune responses in chronic lymphocytic leukemia (CLL).","","237412","Linear peptide","SSSGLHPPK","1271","1279","","Dmx-like 1, isoform CRA_a","EAW48916.1","Homo sapiens","9606","","","Homo sapiens","9606","","Occurrence of cancer","lymphoid leukemia","DOID:10747","Chronic","","","","","","","","","","","","","","","","","","","","","","PBMCs were obtained from patients with chronic lymphocytic leukemia (CLL).","cellular MHC/mass spectrometry","ligand presentation","","91","Positive","","","","","","Blood","B cell","Direct Ex Vivo","HLA-A68","249","I","Natural ligands of HLA molecules were eluted from the B cells of chronic lymphocytic leukemia patients (CLL)."
"2377179","1028510","Literature","25548167","Daniel J Kowalewski; Heiko Schuster; Linus Backert; Claudia Berlin; Stefan Kahn; Lothar Kanz; Helmut R Salih; Hans-Georg Rammensee; Stefan Stevanovic; Juliane Sarah Stickel","Proc Natl Acad Sci U S A","2015","HLA ligandome analysis identifies the underlying specificities of spontaneous antileukemia immune responses in chronic lymphocytic leukemia (CLL).","","237417","Linear peptide","SVIGVFITK","167","175","","solute carrier family 24 (sodium/potassium/calcium exchanger), member 3, isoform CRA_b","EAX10220.1","Homo sapiens","9606","","","Homo sapiens","9606","","No immunization","healthy","DTREE_00000014","","","","","","","","","","","","","","","","","","","","","","","PBMCs were obtained from healthy donors.","cellular MHC/mass spectrometry","ligand presentation","","91","Positive","","","","","","Blood","B cell","Direct Ex Vivo","HLA-A68","249","I","Natural ligands of HLA molecules were eluted from the B cells of healthy volunteers (HV)."
"2377558","1028510","Literature","25548167","Daniel J Kowalewski; Heiko Schuster; Linus Backert; Claudia Berlin; Stefan Kahn; Lothar Kanz; Helmut R Salih; Hans-Georg Rammensee; Stefan Stevanovic; Juliane Sarah Stickel","Proc Natl Acad Sci U S A","2015","HLA ligandome analysis identifies the underlying specificities of spontaneous antileukemia immune responses in chronic lymphocytic leukemia (CLL).","","236880","Linear peptide","ELTLGEFLK","95","103","","Baculoviral IAP repeat-containing protein 5","O15392.3","Homo sapiens","9606","","","Homo sapiens","9606","","Occurrence of cancer","lymphoid leukemia","DOID:10747","Chronic","","","","","","","","","","","","","","","","","","","","","","PBMCs were obtained from patients with chronic lymphocytic leukemia (CLL).","cellular MHC/mass spectrometry","ligand presentation","","91","Positive","","","","","","Blood","B cell","Direct Ex Vivo","HLA-A68","249","I","Natural ligands of HLA molecules were eluted from the B cells of chronic lymphocytic leukemia patients (CLL)."
"2377559","1028510","Literature","25548167","Daniel J Kowalewski; Heiko Schuster; Linus Backert; Claudia Berlin; Stefan Kahn; Lothar Kanz; Helmut R Salih; Hans-Georg Rammensee; Stefan Stevanovic; Juliane Sarah Stickel","Proc Natl Acad Sci U S A","2015","HLA ligandome analysis identifies the underlying specificities of spontaneous antileukemia immune responses in chronic lymphocytic leukemia (CLL).","","237187","Linear peptide","LTLGEFLK","96","103","","Baculoviral IAP repeat-containing protein 5","O15392.3","Homo sapiens","9606","","","Homo sapiens","9606","","Occurrence of cancer","lymphoid leukemia","DOID:10747","Chronic","","","","","","","","","","","","","","","","","","","","","","PBMCs were obtained from patients with chronic lymphocytic leukemia (CLL).","cellular MHC/mass spectrometry","ligand presentation","","91","Positive","","","","","","Blood","B cell","Direct Ex Vivo","HLA-A68","249","I","Natural ligands of HLA molecules were eluted from the B cells of chronic lymphocytic leukemia patients (CLL)."
"2423855","315107","Literature","8245441","P E Harris; A Colovai; Z Liu; R Dalla Favera; N Suciu-Foca","J Immunol","1993","Naturally processed HLA class I bound peptides from c-myc-transfected cells reveal allele-specific motifs.","","418071","Linear peptide","DTTPTXXR + UNK(X6, X7)","","","","unknown protein eluted from human MHC allele","SRC248339","unidentified","32644","","","Homo sapiens","9606","","No immunization","","","","","","","","","","","","","","","","","","","","","","","","","B cells isolated  from  the peripheral  blood of a healthy subject were  incubated with EBV containing supernatant from the B95-8 cell line.","Edman degradation","ligand presentation","","252","Positive","","","","","","Blood","B cell","Cell Line / Clone (EBV transformed, B-LCL)","HLA-A68","249","I","The epitope was shown to be a natural ligand of MHC class I."
"2423902","315107","Literature","8245441","P E Harris; A Colovai; Z Liu; R Dalla Favera; N Suciu-Foca","J Immunol","1993","Naturally processed HLA class I bound peptides from c-myc-transfected cells reveal allele-specific motifs.","","418041","Linear peptide","ATLKTXMQT + UNK(X6)","","","","unknown protein eluted from human MHC allele","SRC248339","unidentified","32644","","","Homo sapiens","9606","","No immunization","","","","","","","","","","","","","","","","","","","","","","","","","B cells isolated  from  the peripheral  blood of a healthy subject were  incubated with EBV containing supernatant from the B95-8 cell line.","Edman degradation","ligand presentation","","252","Positive","","","","","","Blood","B cell","Cell Line / Clone (EBV transformed, B-LCL)","HLA-A68","249","I","The epitope was shown to be a natural ligand of MHC class I."
"2423903","315107","Literature","8245441","P E Harris; A Colovai; Z Liu; R Dalla Favera; N Suciu-Foca","J Immunol","1993","Naturally processed HLA class I bound peptides from c-myc-transfected cells reveal allele-specific motifs.","","418605","Linear peptide","TTXTTTNAR + UNK(X3)","","","","unknown protein eluted from human MHC allele","SRC248339","unidentified","32644","","","Homo sapiens","9606","","No immunization","","","","","","","","","","","","","","","","","","","","","","","","","B cells isolated  from  the peripheral  blood of a healthy subject were  incubated with EBV containing supernatant from the B95-8 cell line.","Edman degradation","ligand presentation","","252","Positive","","","","","","Blood","B cell","Cell Line / Clone (EBV transformed, B-LCL)","HLA-A68","249","I","The epitope was shown to be a natural ligand of MHC class I."
"2423904","315107","Literature","8245441","P E Harris; A Colovai; Z Liu; R Dalla Favera; N Suciu-Foca","J Immunol","1993","Naturally processed HLA class I bound peptides from c-myc-transfected cells reveal allele-specific motifs.","","418042","Linear peptide","AVLGXNVLL + UNK(X5)","","","","unknown protein eluted from human MHC allele","SRC248339","unidentified","32644","","","Homo sapiens","9606","","No immunization","","","","","","","","","","","","","","","","","","","","","","","","","B cells isolated  from  the peripheral  blood of a healthy subject were  incubated with EBV containing supernatant from the B95-8 cell line.","Edman degradation","ligand presentation","","252","Positive","","","","","","Blood","B cell","Cell Line / Clone (EBV transformed, B-LCL)","HLA-A68","249","I","The epitope was shown to be a natural ligand of MHC class I."
"2423905","315107","Literature","8245441","P E Harris; A Colovai; Z Liu; R Dalla Favera; N Suciu-Foca","J Immunol","1993","Naturally processed HLA class I bound peptides from c-myc-transfected cells reveal allele-specific motifs.","","418739","Linear peptide","XVLKXIAKR + UNK(X1, X5)","","","","unknown protein eluted from human MHC allele","SRC248339","unidentified","32644","","","Homo sapiens","9606","","No immunization","","","","","","","","","","","","","","","","","","","","","","","","","B cells isolated  from  the peripheral  blood of a healthy subject were  incubated with EBV containing supernatant from the B95-8 cell line.","Edman degradation","ligand presentation","","252","Positive","","","","","","Blood","B cell","Cell Line / Clone (EBV transformed, B-LCL)","HLA-A68","249","I","The epitope was shown to be a natural ligand of MHC class I."
"2423908","315107","Literature","8245441","P E Harris; A Colovai; Z Liu; R Dalla Favera; N Suciu-Foca","J Immunol","1993","Naturally processed HLA class I bound peptides from c-myc-transfected cells reveal allele-specific motifs.","","418558","Linear peptide","SVIGQKNVT","338","346","","hypothetical protein","WP_022790027.1","Faecalicoccus pleomorphus","1323","","","Homo sapiens","9606","","No immunization","","","","","","","","","","","","","","","","","","","","","","","","","B cells isolated  from  the peripheral  blood of a healthy subject were  incubated with EBV containing supernatant from the B95-8 cell line.","Edman degradation","ligand presentation","","252","Positive","","","","","","Blood","B cell","Cell Line / Clone (EBV transformed, B-LCL)","HLA-A68","249","I","The epitope was shown to be a natural ligand of MHC class I."
"2423909","315107","Literature","8245441","P E Harris; A Colovai; Z Liu; R Dalla Favera; N Suciu-Foca","J Immunol","1993","Naturally processed HLA class I bound peptides from c-myc-transfected cells reveal allele-specific motifs.","","418606","Linear peptide","TVKPVKPRL","","","","unknown protein eluted from human MHC allele","SRC248339","unidentified","32644","","","Homo sapiens","9606","","No immunization","","","","","","","","","","","","","","","","","","","","","","","","","B cells isolated  from  the peripheral  blood of a healthy subject were  incubated with EBV containing supernatant from the B95-8 cell line.","Edman degradation","ligand presentation","","252","Positive","","","","","","Blood","B cell","Cell Line / Clone (EBV transformed, B-LCL)","HLA-A68","249","I","The epitope was shown to be a natural ligand of MHC class I."
"2423913","315107","Literature","8245441","P E Harris; A Colovai; Z Liu; R Dalla Favera; N Suciu-Foca","J Immunol","1993","Naturally processed HLA class I bound peptides from c-myc-transfected cells reveal allele-specific motifs.","","418447","Linear peptide","PVKQVVYHR","","","","unknown protein eluted from human MHC allele","SRC248339","unidentified","32644","","","Homo sapiens","9606","","No immunization","","","","","","","","","","","","","","","","","","","","","","","","","B cells isolated  from  the peripheral  blood of a healthy subject were  incubated with EBV containing supernatant from the B95-8 cell line.","Edman degradation","ligand presentation","","252","Positive","","","","","","Blood","B cell","Cell Line / Clone (EBV transformed, B-LCL)","HLA-A68","249","I","The epitope was shown to be a natural ligand of MHC class I."
"2423915","315107","Literature","8245441","P E Harris; A Colovai; Z Liu; R Dalla Favera; N Suciu-Foca","J Immunol","1993","Naturally processed HLA class I bound peptides from c-myc-transfected cells reveal allele-specific motifs.","","418103","Linear peptide","ESGPSIVHRK","364","373","","Actin, cytoplasmic 1","P02570","Homo sapiens","9606","","","Homo sapiens","9606","","No immunization","","","","","","","","","","","","","","","","","","","","","","","","","B cells isolated  from  the peripheral  blood of a healthy subject were  incubated with EBV containing supernatant from the B95-8 cell line.","Edman degradation","ligand presentation","","252","Positive","","","","","","Blood","B cell","Cell Line / Clone (EBV transformed, B-LCL)","HLA-A68","249","I","The epitope was shown to be a natural ligand of MHC class I."
"2423917","315107","Literature","8245441","P E Harris; A Colovai; Z Liu; R Dalla Favera; N Suciu-Foca","J Immunol","1993","Naturally processed HLA class I bound peptides from c-myc-transfected cells reveal allele-specific motifs.","","418220","Linear peptide","IVIRVXYXL + UNK(X6)","","","","unknown protein eluted from human MHC allele","SRC248339","unidentified","32644","","","Homo sapiens","9606","","No immunization","","","","","","","","","","","","","","","","","","","","","","","","","B cells isolated  from  the peripheral  blood of a healthy subject were  incubated with EBV containing supernatant from the B95-8 cell line.","Edman degradation","ligand presentation","","252","Positive","","","","","","Blood","B cell","Cell Line / Clone (EBV transformed, B-LCL)","HLA-A68","249","I","The epitope was shown to be a natural ligand of MHC class I."
"2441873","315107","Literature","8245441","P E Harris; A Colovai; Z Liu; R Dalla Favera; N Suciu-Foca","J Immunol","1993","Naturally processed HLA class I bound peptides from c-myc-transfected cells reveal allele-specific motifs.","","418412","Linear peptide","NVMPVIXXD + UNK(X7, X8)","","","","unknown protein eluted from human MHC allele","SRC248339","unidentified","32644","","","Homo sapiens","9606","","No immunization","","","","","","","","","","","","","","","","","","","","","","","","","B cells isolated  from  the peripheral  blood of a healthy subject were  incubated with EBV containing supernatant from the B95-8 cell line.","Edman degradation","ligand presentation","","252","Positive","","","","","","Blood","B cell","Cell Line / Clone (EBV transformed, B-LCL)","HLA-A68","249","I","The epitope was shown to be a natural ligand of MHC class I."
"2515580","1029447","Literature","17074750","Andreas O Weinzierl; Claudia Lemmel; Oliver Schoor; Margret M&uuml;ller; Tobias Kr&uuml;ger; Dorothee Wernet; J&ouml;rg Hennenlotter; Arnulf Stenzl; Karin Klingel; Hans-Georg Rammensee; Stefan Stevanovic","Mol Cell Proteomics","2007","Distorted relation between mRNA copy number and corresponding major histocompatibility complex ligand density on the cell surface.","","423255","Linear peptide","DTAAQITQR","161","169","","major histocompatability complex B antigen","AJP61152.1","Homo sapiens","9606","","","Homo sapiens","9606","","Occurrence of cancer","carcinoma","DOID:305","Chronic","","","","","","","","","","","","","","","","","","","","","","","cellular MHC/mass spectrometry","ligand presentation","","91","Positive","","3","1","33.3","","Kidney","Unknown/Unspecified","Direct Ex Vivo","HLA-A68","249","I","The epitope was eluted from renal cell carcinoma tissue."
"2515648","1029447","Literature","17074750","Andreas O Weinzierl; Claudia Lemmel; Oliver Schoor; Margret M&uuml;ller; Tobias Kr&uuml;ger; Dorothee Wernet; J&ouml;rg Hennenlotter; Arnulf Stenzl; Karin Klingel; Hans-Georg Rammensee; Stefan Stevanovic","Mol Cell Proteomics","2007","Distorted relation between mRNA copy number and corresponding major histocompatibility complex ligand density on the cell surface.","","188153","Linear peptide","EVILIDPFHK","131","140","","ribosomal protein L10","AAA36583.1","Homo sapiens","9606","","","Homo sapiens","9606","","Occurrence of cancer","carcinoma","DOID:305","Chronic","","","","","","","","","","","","","","","","","","","","","","","cellular MHC/mass spectrometry","ligand presentation","","91","Positive","","3","1","33.3","","Kidney","Unknown/Unspecified","Direct Ex Vivo","HLA-A68","249","I","The epitope was eluted from renal cell carcinoma tissue."
"2515672","1029447","Literature","17074750","Andreas O Weinzierl; Claudia Lemmel; Oliver Schoor; Margret M&uuml;ller; Tobias Kr&uuml;ger; Dorothee Wernet; J&ouml;rg Hennenlotter; Arnulf Stenzl; Karin Klingel; Hans-Georg Rammensee; Stefan Stevanovic","Mol Cell Proteomics","2007","Distorted relation between mRNA copy number and corresponding major histocompatibility complex ligand density on the cell surface.","","423260","Linear peptide","DVSHTVVLR","","","","translocon-associated protein","SRC301255","Homo sapiens","9606","","","Homo sapiens","9606","","Occurrence of cancer","carcinoma","DOID:305","Chronic","","","","","","","","","","","","","","","","","","","","","","","cellular MHC/mass spectrometry","ligand presentation","","91","Positive","","3","1","33.3","","Kidney","Unknown/Unspecified","Direct Ex Vivo","HLA-A68","249","I","The epitope was eluted from renal cell carcinoma tissue."
